topic,sentiment_mean,sentiment_std,subjectivity_mean,subjectivity_std,counting
Frühling,0.18125039485951328,0.9635263468762443,0.0036876245881414453,0.9510722431445499,1238.0
Herbst,0.12209635610013198,1.063603692605784,0.007774032855237227,0.9904378368909633,2756.0
Sommer,-0.04205045136688906,0.9583664943477066,-0.01674490995186853,0.9923692352573444,4849.0
Winter,-0.05352756354157184,0.9885033701239009,0.00877260436771667,1.0066522792229624,6514.0
